feature,importance
Glucose,0.32937993251339026
BMI,0.18009410614022986
Age,0.15973788296583005
DiabetesPedigreeFunction,0.10956638271802661
BloodPressure,0.07666829278884088
Pregnancies,0.052842415026656646
SkinThickness,0.047875294920424694
Insulin,0.04383569292660103
