,outliers_count,outliers_percentage,lower_bound,upper_bound
Pregnancies,4.0,0.5208333333333333,-6.5,13.5
Glucose,5.0,0.6510416666666667,37.125,202.125
BloodPressure,45.0,5.859375,35.0,107.0
SkinThickness,1.0,0.13020833333333331,-48.0,80.0
Insulin,34.0,4.427083333333334,-190.875,318.125
BMI,19.0,2.473958333333333,13.35,50.550000000000004
DiabetesPedigreeFunction,29.0,3.7760416666666665,-0.32999999999999996,1.2
Age,9.0,1.171875,-1.5,66.5
